month-year,USDJPY_20Y,USDCHF_20Y,USDGBP_20Y,USDEUR_20Y,USDINR_20Y,XAU_20Y,USD_base,log_returns_USDJPY_20Y,log_returns_USDCHF_20Y,log_returns_USDGBP_20Y,log_returns_USDEUR_20Y,log_returns_USDINR_20Y,log_returns_XAU_20Y
2006-01,115.5440909090909,1.2783454545454545,0.5661,0.8251909090909091,44.396319999999996,550.1786363636364,1,-0.024493304238629516,-0.02117266728232016,-0.011924572015799842,-0.021702611962611806,-0.02707753546797177,0.07652058702350124
2006-02,117.8955,1.30538,0.572095,0.8374,44.32469,555.6274999999999,1,0.020146442285457693,0.020927557977662846,0.010534320462860935,0.014687089061682115,-0.001614724980331601,0.009855086814624804
2006-03,117.34652173913042,1.3045130434782608,0.5732826086956522,0.8311478260869565,44.49610434782608,558.2969565217392,1,-0.004667357076761545,-0.0006643617490712641,0.0020737425146710826,-0.007494185155384151,0.0038597844546348478,0.004792895274546413
2006-04,116.982,1.2819850000000002,0.5653400000000001,0.8142699999999999,44.946257894736846,611.858,1,-0.0031112049908416047,-0.01742016641611871,-0.013951483953107725,-0.020515662094158237,0.010065864462323383,0.09160922847614171
2006-05,111.84434782608696,1.2188260869565217,0.5350565217391304,0.7831391304347826,45.36255652173913,673.0226086956521,1,-0.04491192366642624,-0.050521486257480465,-0.0550549306408765,-0.03898163719619503,0.009219511482879276,0.09527869353557528
2006-06,114.69727272727273,1.2319818181818183,0.5425954545454545,0.7897181818181818,46.05497727272728,596.3318181818181,1,0.025188093267554685,0.01073593532859652,0.013991633589703841,0.008365780802090595,0.015148822419136601,-0.12098166892400966
2006-07,115.71333333333334,1.2361857142857144,0.5420714285714285,0.7878761904761905,46.43875714285714,633.6771428571428,1,0.008819621715121044,0.0034064949917991406,-0.00096624322721186,-0.002335191112987868,0.008298552869560315,0.06074233227777387
2006-08,115.98173913043478,1.2321086956521738,0.5281826086956521,0.7807695652173913,46.465273913043475,630.6391304347826,1,0.002316889300351525,-0.0033035138149669495,-0.025955706072278435,-0.009060903462853272,0.0005708422036163974,-0.004805788446443744
2006-09,117.19380952380953,1.244247619047619,0.5302857142857142,0.7855142857142857,46.03955238095238,598.5947619047619,1,0.010396298560204518,0.009803936980438268,0.003973871134401959,0.006058588942955731,-0.009204374620325508,-0.05214895308563115
2006-10,118.62590909090909,1.259759090909091,0.5329227272727273,0.792309090909091,45.432677272727275,586.9931818181818,1,0.012145864484852152,0.012389479801185174,0.0049604918306440605,0.008612937671187917,-0.01326925155372915,-0.019571640344154616
2006-11,117.30772727272728,1.2351954545454544,0.5229499999999999,0.7757999999999999,44.83542272727272,628.2045454545455,1,-0.011174290827510302,-0.0196912846440323,-0.01889057948114483,-0.021056826973832,-0.01323309698792276,0.0678526182995422
2006-12,117.45714285714286,1.2106190476190475,0.5094333333333333,0.7576380952380952,44.620675,628.5119047619048,1,0.0012728957659406044,-0.02009738196395261,-0.026186860334596176,-0.023688930293007088,-0.004801196234793199,0.000489146638344326
2007-01,120.39869565217391,1.2425434782608697,0.5105130434782609,0.7693260869565218,44.30292380952381,631.2869565217392,1,0.024735173953868598,0.026028632556906163,0.002117190810793791,0.01530909516867774,-0.007146641547212801,0.004405554463510921
2007-02,120.43900000000001,1.23847,0.510575,0.764095,44.157255,665.2465,1,0.0003347013273252096,-0.003283724136824341,0.00012135392674686173,-0.0068227928955457845,-0.0032934353774363274,0.05239712480313885
2007-03,117.31318181818182,1.21775,0.5134409090909091,0.7547681818181818,43.95754545454545,654.4568181818181,1,-0.02629627437745011,-0.016871853099162053,0.005597406345159734,-0.012281468834039544,-0.004532947618041563,-0.01635204229450619
2007-04,118.99904761904762,1.2127761904761905,0.5030809523809524,0.7400523809523809,42.146255000000004,679.7538095238095,1,0.014268363566014674,-0.004092789854551859,-0.020383851670811994,-0.019689689388096544,-0.04207846093971895,0.03792508142873263
2007-05,120.8495652173913,1.2219521739130434,0.504191304347826,0.7402695652173913,40.83514347826087,667.5630434782609,1,0.015431019560132668,0.007537618582845458,0.002204671893228914,0.0002934284222842167,-0.031602760738978185,-0.018096854825181512
2007-06,122.66285714285715,1.2328285714285714,0.5031904761904762,0.7449380952380953,40.78995714285715,655.4519047619048,1,0.014893083679599888,0.008861458367639349,-0.0019869894531902863,0.006286724100811361,-0.0011071677627528629,-0.01830890429647163
2007-07,121.46363636363635,1.207240909090909,0.4915590909090909,0.7288181818181818,40.413081818181816,665.5749999999999,1,-0.009824664321478006,-0.02097366531952786,-0.02338662070260637,-0.02187682804237018,-0.00928236271768122,0.015326400028922693
2007-08,116.79043478260868,1.2035913043478261,0.4972913043478261,0.7343043478260869,40.83340909090909,665.8913043478261,1,-0.039233755740361115,-0.003027674435968898,0.01159382182553926,0.007499292244190434,0.010347056668973629,0.0004751218303363298
2007-09,115.11300000000001,1.184785,0.49512999999999996,0.71858,40.33502,713.62,1,-0.014466918441128688,-0.015748517518261052,-0.004355625489464291,-0.021646543092019625,-0.012280522366426828,0.0692241572430997
2007-10,115.92304347826087,1.1743565217391305,0.48894782608695647,0.7025869565217392,39.52547391304348,756.8826086956522,1,0.007012298041230797,-0.008840967013791235,-0.012564565687231884,-0.022507867323544616,-0.020274701002611407,0.05885755925502459
2007-11,110.9209090909091,1.122940909090909,0.48287727272727277,0.6812136363636364,39.45226363636363,806.2122727272726,1,-0.044109136027071526,-0.04476930093806388,-0.012493261030908266,-0.030893208335245424,-0.0018539477052867664,0.06313890646466301
2007-12,112.47,1.1405142857142858,0.49639047619047616,0.6872380952380952,39.45182,807.1009523809523,1,0.013869102786783404,0.015528232923556507,0.027600339756972375,0.0088048378410199,-1.1244953193646499e-05,0.0011016828347179216
2008-01,107.88260869565218,1.1015304347826087,0.5076521739130435,0.6795782608695652,39.36630434782609,888.33,1,-0.04164283997910956,-0.03477877131334198,0.02243364865494695,-0.011208403418843526,-0.002169949778353674,0.09589453924629104
2008-02,107.11,1.089395238095238,0.5091857142857142,0.6776857142857143,39.75619523809524,925.5666666666667,1,-0.0071873356602824975,-0.011077802353255813,0.0030162950321822677,-0.002788768942605551,0.009855453205977714,0.04106286697495331
2008-03,100.79857142857142,1.0114571428571428,0.49976190476190474,0.6441190476190476,40.333065,960.8809523809524,1,-0.06073216057529951,-0.07423070799289233,-0.018681016545727656,-0.050800066645729836,0.014405920011312799,0.03744435984614433
2008-04,102.68818181818182,1.0140136363636363,0.5046772727272727,0.6344363636363636,40.03141363636364,910.3454545454545,1,0.018572852313042017,0.002524346330035825,0.009787366549280412,-0.01514657716442667,-0.007507117209722623,-0.0540263745477467
2008-05,104.32181818181817,1.0442272727272728,0.5086090909090909,0.6426590909090909,42.11829545454545,890.8045454545455,1,0.015783491402308763,0.029360806782780358,0.007760566126549067,0.012877410020999487,0.0508177308522061,-0.021699109817103837
2008-06,106.88142857142859,1.0359952380952382,0.5082714285714286,0.6422904761904762,42.84761904761905,890.5466666666666,1,0.024239548907313228,-0.007914612558158183,-0.000664114108991304,-0.0005737419400179277,0.017167861027226648,-0.0002895316632964681
2008-07,106.87434782608696,1.0278130434782609,0.5025999999999999,0.6343260869565218,42.84207826086956,940.0213043478261,1,-6.625079764907011e-05,-0.007929261220665403,-0.011220987988656764,-0.012477501535885466,-0.00012932212229112397,0.054067032834505355
2008-08,109.4204761904762,1.0843714285714285,0.5302714285714286,0.6689952380952381,43.022839999999995,836.8385714285714,1,0.02354421555093594,0.05356720443833389,0.053594379723234886,0.05321378720608586,0.004210380905880039,-0.11627135299527316
2008-09,106.62136363636364,1.1091727272727274,0.5558045454545455,0.6963181818181817,45.52374761904762,828.8018181818181,1,-0.02591413957796526,0.022613956100506323,0.04702769066200047,0.04002977149582204,0.05650297802717974,-0.00965012095675626
2008-10,100.1404347826087,1.1427173913043478,0.5927521739130435,0.7535739130434783,48.667631578947365,805.0573913043478,1,-0.06271035235921095,0.02979465582696446,0.06435969694814257,0.07902039255887323,0.06678004431392921,-0.029067496831933087
2008-11,96.8055,1.19245,0.654405,0.78614,48.985838888888885,760.6569999999999,1,-0.03386973778975592,0.042600911641452695,0.0989500334032755,0.04230778740334112,0.0065170942655027745,-0.05673103490065601
2008-12,91.08962962962963,1.137314814814815,0.6734629629629629,0.7402148148148149,48.67863333333334,825.7417391304349,1,-0.06085984808457371,-0.04733995575336845,0.02870657660346768,-0.06019445925416267,-0.006291060848756362,0.0820995266178293
2009-01,90.37923076923077,1.123746153846154,0.6901769230769231,0.7518961538461538,48.87669,862.7790909090909,1,-0.007829469891675494,-0.012002174235262128,0.02451497253061091,0.01565778676196273,0.004060402487746059,0.043876620086080356
2009-02,92.66000000000001,1.1629208333333334,0.6933250000000001,0.7807499999999999,49.31107894736842,941.716,1,0.02492238711449406,0.03426691594752628,0.0045508897440293804,0.037656775038793305,0.008848185187653216,0.08754506269436035
2009-03,97.70481481481482,1.1546444444444444,0.7042481481481482,0.7663296296296296,51.254015789473684,926.9554545454546,1,0.05301395947147073,-0.007142343865684954,0.01563191249117568,-0.018642593098982297,0.03864519091606496,-0.015798231858455143
2009-04,98.95807692307692,1.1471807692307694,0.6788120000000001,0.7569461538461538,50.09780625,890.7772727272727,1,0.01274545556434839,-0.006485028773478048,-0.03678656575587068,-0.012320283139308899,-0.022816752109585666,-0.039811089332652407
2009-05,96.51,1.1052307692307692,0.646184,0.7313076923076923,48.52201,930.4000000000001,1,-0.025049665105276876,-0.03725327340157734,-0.04925991851187845,-0.03445782902740294,-0.03195971027317129,0.043520179474875305
2009-06,96.73,1.0811692307692307,0.6107230769230769,0.7137923076923076,47.78397727272727,945.59,1,0.0022769622754109354,-0.022011077491136545,-0.05644066577397564,-0.024242256458330613,-0.015327129629070832,0.016194470095351906
2009-07,94.44925925925926,1.0787814814814813,0.6107269230769231,0.7101888888888889,48.45097826086956,935.0682608695652,1,-0.02386084095361207,-0.0022109303206399107,6.297685285825525e-06,-0.00506105909777478,0.013862149471025553,-0.011189538398338444
2009-08,94.92653846153847,1.0679307692307694,0.6054166666666666,0.7011307692307691,48.334375,950.1465217391304,1,0.0050405618727725095,-0.010109230667248894,-0.00873299864260718,-0.012836559012929225,-0.0024095240313879193,0.01599667320997972
2009-09,91.34038461538461,1.0397115384615385,0.6131384615384616,0.6866153846153846,48.44874736842105,997.9245454545454,1,-0.03851029455563744,-0.02677960780320869,0.01267385948050966,-0.0209201286007805,0.0023634786492277428,0.049061461584788066
2009-10,90.34884615384615,1.0218692307692308,0.6181,0.6749730769230768,46.72427368421053,1045.1769565217392,1,-0.010914772449699257,-0.01730977845894552,0.00805947096833507,-0.017101483690504054,-0.0362426751519609,0.046263818751327436
2009-11,89.08153846153846,1.0122576923076922,0.6024153846153847,0.6703538461538462,46.56668,1131.3,1,-0.01412613330764469,-0.009450354238587472,-0.025703041635494688,-0.006867102475152767,-0.003378544819023654,0.07918120648485745
2009-12,90.0725925925926,1.030737037037037,0.6167444444444444,0.6867333333333333,46.612523809523815,1126.712608695652,1,0.011063816777413416,0.018090941163774583,0.02350753254742282,0.024140354219461608,0.000983992379168938,-0.004063217006019914
2010-01,91.235,1.0347230769230769,0.6193038461538461,0.7012,45.959089999999996,1117.1561904761904,1,0.012822665810450358,0.003859716106420667,0.004141270833358549,0.020847097265596148,-0.014117603343179715,-0.00851785630471565
2010-02,90.13333333333333,1.072375,0.6411791666666666,0.7313791666666667,46.34618421052632,1097.9789999999998,1,-0.01214853988779932,0.035741982522257035,0.03471291063463035,0.04213886807693905,0.00838731010934188,-0.017315123418168134
2010-03,90.77,1.0655185185185185,0.6640148148148148,0.7365222222222222,45.48347,1114.5804347826086,1,0.007038779037836576,-0.006414262384872068,0.034995531650486605,0.00700738706240867,-0.0187899998225688,0.015006825200433515
2010-04,93.47346153846154,1.067476923076923,0.651848,0.7442423076923077,44.47623157894737,1149.7018181818182,1,0.0293487276544194,0.001836295634319922,-0.01849305478208515,0.010427256005803593,-0.022394038588458925,0.031024577794710663
2010-05,91.89961538461537,1.1309307692307693,0.6819884615384615,0.7963884615384615,45.822485,1206.574761904762,1,-0.01698071799115576,0.057743135102460846,0.045201333221489566,0.0677204196186974,0.029819984856797148,0.048282949885083644
2010-06,90.80692307692308,1.1265461538461539,0.678588,0.8189038461538461,46.580831818181814,1233.9827272727273,1,-0.01196131616051758,-0.003884532199019782,-0.004998570407219733,0.027879589186198508,0.016414212622918686,0.02246135793575319
2010-07,87.56615384615384,1.0535653846153845,0.65396,0.781723076923077,46.836909090909096,1192.9581818181819,1,-0.0363409763789305,-0.06697643454601095,-0.03696798122060437,-0.046466116749412485,0.005482425750062591,-0.03381083849640274
2010-08,85.44555555555556,1.0390384615384616,0.6389423076923078,0.7753407407407408,46.60030476190476,1217.8731818181818,1,-0.02451515567630642,-0.01388428724332338,-0.02323202250719288,-0.008197958046986725,-0.005064466821440162,0.020669954307968138
2010-09,84.41,1.001996153846154,0.642308,0.7646961538461539,46.04318,1272.3368181818182,1,-0.012193517990416434,-0.036301565096133255,0.0052537744251469985,-0.013824027787684923,-0.012027429223230905,0.04374918018531146
2010-10,81.7044,0.96878,0.630304,0.7190153846153847,44.422804761904764,1343.605909090909,1,-0.032578022010674966,-0.03371189523054925,-0.018865696741881703,-0.06159581568115738,-0.03582669349821804,0.054501752666027935
2010-11,82.61423076923076,0.9849961538461538,0.6268115384615385,0.7330615384615384,44.988280952380954,1371.8954545454546,1,0.011074095044340383,0.016600188509746826,-0.0055563238489347005,0.019346897875742255,0.01264907423006209,0.020836350389219292
2010-12,83.23555555555556,0.9678148148148148,0.6409407407407407,0.7557458333333332,45.12398181818182,1392.7552173913043,1,0.007492655937032682,-0.017596974474180384,0.022291085670357595,0.030475467749719837,0.003011820238619436,0.015090628929845817
2011-01,82.57000000000001,0.956696,0.6337038461538461,0.748,45.40957,1360.945238095238,1,-0.008028188536989382,-0.011555080329175196,-0.01135527883300067,-0.010302142382870097,0.006309022972646717,-0.02310446968027842
2011-02,82.5725,0.9494,0.61971,0.73203,45.43906842105263,1375.2815,1,3.027688208894686e-05,-0.007655475519175181,-0.022330098993435236,-0.021581481246413375,0.0006493971203527204,0.010478951098440721
2011-03,81.60538461538461,0.9184076923076923,0.6190923076923076,0.7133956521739131,44.978359090909095,1422.8969565217392,1,-0.011781447584837968,-0.033188804816421495,-0.000997241214433559,-0.025785318335563,-0.010190807899937504,0.03403646620340746
2011-04,83.18875,0.8959454545454545,0.6101090909090909,0.6910714285714286,44.364962500000004,1485.3542857142859,1,0.019216874611866448,-0.02476186680229925,-0.014616606730123053,-0.031792990109776924,-0.013731439979506627,0.04295841639755312
2011-05,81.1214814814815,0.8733666666666666,0.6116074074074075,0.6982318181818182,44.92894285714286,1513.1892,1,-0.025164319823569547,-0.02552405920091005,0.0024528067707519164,0.01030797707975497,0.012632169115589684,0.01856615652010894
2011-06,80.43730769230768,0.8400538461538462,0.6167730769230769,0.6944454545454545,44.84413181818182,1527.8054166666668,1,-0.008469707933019379,-0.038889482950606596,0.008410586186075287,-0.005437545423854505,-0.001889454371465328,0.009612860963250267
2011-07,79.25538461538461,0.8216884615384615,0.6188423076923077,0.6997380952380953,44.41668571428571,1569.3478260869565,1,-0.01480273945898784,-0.02210466969114738,0.0033493152146942895,0.007592495433468767,-0.009577536552959053,0.026827798140161223
2011-08,77.0488888888889,0.7814333333333333,0.6111185185185185,0.6974521739130435,45.317325,1765.9315384615386,1,-0.02823521411110314,-0.05023148246847043,-0.012559571882232895,-0.0032721718940603834,0.020074206487422187,0.11801819932528584
2011-09,76.875,0.87225,0.6339423076923077,0.7273409090909091,47.67886,1780.2491666666667,1,-0.002259414885093048,0.10994623987952097,0.036667037942969875,0.041961349991312985,0.05079870337065943,0.008075000793677432
2011-10,76.65730769230768,0.8961961538461539,0.6339038461538462,0.7286761904761905,49.268625,1666.5695833333332,1,-0.002835786901777388,0.027083230651484484,-6.067224853214865e-05,0.0018341567005178139,0.03279935564241294,-0.06598596371154433
2011-11,77.52615384615385,0.9082692307692307,0.632626923076923,0.7379045454545454,50.887985,1739.4954545454545,1,0.01127040918717753,0.01338153359036741,-0.0020164113507541593,0.012585023862671794,0.032339375893785764,0.04282773045596815
2011-12,77.84769230769231,0.9328,0.641404,0.7606318181818181,52.540613636363645,1638.6963636363637,1,0.0041389066243594005,0.026649971287492566,0.013778654230889111,0.030334953589301557,0.031959618990792436,-0.059694077011688725
2012-01,76.93037037037037,0.9381407407407407,0.6444037037037037,0.7745954545454545,51.25480952380953,1657.1445454545456,1,-0.011853523195666807,0.005709165588232141,0.004665875211544473,0.018191471310244955,-0.024777005619852414,0.011194942351591203
2012-02,78.628,0.911952,0.632576,0.7554571428571428,49.18955263157895,1741.6333333333334,1,0.021827138254777473,-0.02831262407416622,-0.018525027323084437,-0.025017845688485304,-0.04112820191913741,0.04972740237837181
2012-03,82.54038461538462,0.9131153846153846,0.6318384615384616,0.7568136363636363,50.351815,1676.6604545454545,1,0.04855981396341865,0.0012748951438920836,-0.0011666088416747882,0.0017939827826349748,0.023353410117917396,-0.0380193798494339
2012-04,81.30615384615385,0.912876,0.6245923076923077,0.7596380952380952,51.862566666666666,1650.7636363636366,1,-0.015065977305158398,-0.0002621968742819141,-0.011534633445495135,0.0037250933632636063,0.029562604927263952,-0.015565999627834984
2012-05,79.67703703703702,0.9393888888888889,0.6286777777777778,0.7822434782608695,54.482731818181826,1590.0632,1,-0.02024027994903567,0.028629490262360516,0.0065197192600269915,0.02932391597021265,0.04928653298118413,-0.03746422689650168
2012-06,79.3344,0.956832,0.642852,0.7969809523809523,56.01571428571428,1599.0134782608695,1,-0.004309596513648745,0.018398281810890826,0.022295678212204913,0.018664733999312334,0.02774845952614162,0.005613099127708203
2012-07,79.00666666666666,0.9767037037037036,0.6409185185185186,0.8136045454545454,55.43135909090909,1593.6704545454545,1,-0.004139593198935218,0.02055550705175672,-0.0030121940261348032,0.02064365220159352,-0.010486781435253313,-0.0033470451920037648
2012-08,78.69555555555554,0.9685814814814814,0.6363148148148148,0.8062608695652174,55.5303,1629.1458333333333,1,-0.003945556509308937,-0.008350723568972854,-0.007208899925699936,-0.0090670819102306,0.0017833355435239548,0.022016031032255776
2012-09,78.17439999999999,0.93946,0.620732,0.77691,54.52618421052631,1745.777,1,-0.006644452356376333,-0.030527368827007895,-0.024794005932243002,-0.03708283610739189,-0.01824778720140248,0.06914387991861753
2012-10,79.00592592592592,0.9325074074074075,0.6221444444444444,0.7710608695652175,53.038565000000006,1744.3573913043479,1,0.010580633147856797,-0.007428147022074091,0.002272864786850069,-0.007557194243536423,-0.02766174006384079,-0.0008134980575408065
2012-11,81.03192307692308,0.9389846153846153,0.6264692307692308,0.7789409090909092,54.7851947368421,1722.8872727272726,1,0.02532032771709386,0.006921999945242398,0.006927368657900148,0.010167868868636661,0.0324006979571908,-0.012384700292099463
2012-12,83.90615384615384,0.9210807692307692,0.6196461538461538,0.7618333333333334,54.666250000000005,1683.414761904762,1,0.03485576908349703,-0.019251365303010345,-0.010951064718034908,-0.022207379064402254,-0.002173471240191114,-0.023177203548830353
2013-01,89.17925925925927,0.9240370370370371,0.6263384615384615,0.751908695652174,54.27181818181818,1671.2839130434782,1,0.060949534859124,0.0032044244826945744,0.010742302859296214,-0.013112907881442188,-0.00724142714064077,-0.007232185606813503
2013-02,93.17875,0.9212541666666666,0.6463541666666667,0.7497999999999999,53.80592105263158,1624.7576190476193,1,0.04387119836869026,-0.003016187878121992,0.03145670079188556,-0.00280839692043565,-0.00862157218287729,-0.02823349410370321
2013-03,94.80846153846154,0.9464615384615385,0.6628846153846154,0.7718428571428572,54.416773684210526,1593.528695652174,1,0.017338970609887427,0.02699436795022644,0.02525334176456673,0.028974472079496317,0.011288928265933007,-0.01940778449447838
2013-04,97.88000000000001,0.9362153846153846,0.653,0.7677590909090909,54.374583333333334,1485.035,1,0.031883576561813794,-0.01088477250937529,-0.015023811653052659,-0.005304976154783567,-0.0007756195739976254,-0.0705125216524906
2013-05,101.02407407407408,0.9565481481481481,0.6540592592592593,0.7705869565217391,55.050509090909095,1416.5895652173913,1,0.03161660703328199,0.02148556368326624,0.0016208285640493918,0.0036765054295197913,0.012354284372953222,-0.04718607276577057
2013-06,97.42120000000001,0.934352,0.646112,0.757635,58.37807,1342.471,1,-0.03631499950599982,-0.023477884566307176,-0.012225094472516806,-0.016950766329647295,0.05868919469543416,-0.05374032255690715
2013-07,99.6648148148148,0.944425925925926,0.6587037037037037,0.7637608695652175,59.744291304347826,1287.4874074074075,1,0.022768857994841622,0.010724016215342715,0.019300955010262782,0.008053002894755197,0.023133337611000334,-0.04181937282432674
2013-08,97.80730769230769,0.9255346153846153,0.6450807692307692,0.7508363636363636,63.04725,1354.7912,1,-0.018813409067039367,-0.020205723972471605,-0.020898285808680545,-0.017067005495227903,0.05381080205845134,0.05095477366322298
2013-09,99.11076923076924,0.9229423076923078,0.6302769230769231,0.7485,63.75419000000001,1351.6465384615383,1,0.013238810742952236,-0.002804805793790515,-0.023216249322796787,-0.0031165328662410134,0.011150462086827824,-0.0023238391254524577
2013-10,97.82074074074073,0.9029962962962963,0.6215333333333334,0.7332652173913042,61.55981904761905,1315.3929629629629,1,-0.013101478202329922,-0.021848275486468057,-0.0139697400522654,-0.020563742870993437,-0.03502553784993186,-0.02718805525211802
2013-11,100.0768,0.91286,0.620884,0.7408904761904762,62.59019473684211,1276.6972,1,0.022801263656821558,0.010864076347738054,-0.0010452742005988324,0.010345347972137651,0.016599262721984104,-0.029859021451597495
2013-12,103.59851851851852,0.8939592592592592,0.6105592592592592,0.7298000000000001,61.84802857142857,1221.43,1,0.034585138481837016,-0.020922325365079736,-0.01676891339006543,-0.015082284958479996,-0.011928408260846367,-0.044254127204222574
2014-01,103.86777777777777,0.9032296296296296,0.6071814814814814,0.7341173913043477,62.108236363636365,1245.304814814815,1,0.002595693037825155,0.010316614630725966,-0.005547628206383349,0.005898425481293841,0.004198386819023205,0.01935802764365279
2014-02,102.12374999999999,0.8939,0.6037791666666666,0.7315699999999999,62.205555555555556,1300.295,1,-0.016933409543483855,-0.01038290537366225,-0.005619214418760315,-0.0034760398219156777,0.0015657025708512545,0.04321083067429951
2014-03,102.32423076923077,0.8804538461538461,0.6016692307692307,0.7233142857142857,61.015852631578944,1335.03,1,0.0019611916218014087,-0.01515640330102932,-0.0035006692225734107,-0.011349085255943327,-0.01931060375321474,0.026362601708568516
2014-04,102.4923076923077,0.8831076923076923,0.5972576923076923,0.7240681818181818,60.35617647058824,1299.8176923076924,1,0.0016412440330087217,0.0030096462178075423,-0.007359178089059748,0.00104173732788087,-0.010870423141219394,-0.02672974556281857
2014-05,101.8426923076923,0.8887076923076923,0.5937576923076923,0.7282272727272727,59.31581,1289.143846153846,1,-0.006358358315581336,0.0063212213818712275,-0.005877354936525894,0.005727625554735287,-0.017387405550812578,-0.008245705061978942
2014-06,102.05230769230769,0.8954,0.5911461538461539,0.7352904761904762,59.75815238095238,1282.4957692307692,1,0.002056111807183315,0.007502169414408848,-0.004408024665762254,0.0096524395525624,0.0074297421017976775,-0.005170313673095929
2014-07,101.7337037037037,0.897637037037037,0.5856,0.7387260869565218,60.06306818181818,1312.7024,1,-0.003126851014053738,0.0024952504064658285,-0.009426323417652519,0.004661571753439244,0.005089523502196025,0.023279913906442577
2014-08,103.00307692307692,0.9100307692307692,0.5988884615384615,0.7511285714285714,60.86270555555556,1295.6261538461538,1,0.01240020948749115,0.013712615067445044,0.022438410347324918,0.01664963882099098,0.013225452350525992,-0.013093818339795815
2014-09,107.42615384615384,0.9370038461538461,0.6136692307692307,0.7756,60.87449545454546,1237.2130769230769,1,0.04204480972662547,0.02920897570252598,0.024380697892986695,0.03206008595310555,0.00019369426812739673,-0.046132763232734894
2014-10,108.04703703703704,0.9530555555555554,0.6222037037037038,0.7885739130434782,61.376252941176475,1222.7855555555554,1,0.005762989880437214,0.01698581041308316,0.01381146615195179,0.01658921744098157,0.008208707279110798,-0.011729833178762255
2014-11,116.33840000000001,0.9642879999999999,0.63408,0.801748,61.724444444444444,1177.9996,1,0.07393652516441905,0.011716807782437857,0.018907592402759632,0.016568203217487785,0.005657034269213102,-0.03731375269632834
2014-12,119.52703703703703,0.9773074074074074,0.6398296296296296,0.8127703703703704,62.73574545454546,1199.1734615384614,1,0.027039411542036835,0.013411241598419077,0.009026807769393599,0.013654278356184957,0.01625135343952756,0.017814791752571495
2015-01,118.34884615384615,0.9420846153846154,0.6596615384615384,0.8603307692307692,62.237676190476186,1249.5436,1,-0.009906010663486063,-0.0367061509858643,0.030524945758720983,0.05686830830348043,-0.00797084523338813,0.04114582721833801
2015-02,118.71541666666667,0.935375,0.6525124999999999,0.8808583333333333,62.034727777777775,1228.7216666666666,1,0.003092585956385946,-0.007147577390855308,-0.01089658686876314,0.023579880200696783,-0.0032661892204358996,-0.016804031092242835
2015-03,120.33888888888889,0.9791259259259258,0.6677740740740741,0.9235629629629629,62.48285714285715,1180.384074074074,1,0.01358266422132227,0.04571274295315155,0.02311960776447409,0.04734216505591477,0.0071978797234490645,-0.04013446152764484
2015-04,119.48269230769232,0.9600423076923076,0.6688038461538461,0.9245846153846154,62.75841111111111,1200.5495833333332,1,-0.007140310013947079,-0.019682907350048254,0.0015409087161249182,0.0011055962604820848,0.004400377235587843,0.016939566039651247
2015-05,120.8623076923077,0.9326423076923077,0.6474384615384616,0.8963153846153846,63.787163157894746,1197.7328,1,0.011480418043708536,-0.02895560534387468,-0.032467063620018236,-0.031052229405118467,0.01625935504425492,-0.002349001642270368
2015-06,123.67384615384616,0.9310730769230768,0.6416538461538461,0.8908884615384616,63.83745,1182.4326923076924,1,0.022995882726055992,-0.0016839815274576578,-0.008974771127865214,-0.006073106622417107,0.0007880430500570125,-0.012856516479571643
2015-07,123.27185185185186,0.9541518518518518,0.6428333333333334,0.9096111111111111,63.64820434782609,1130.7360869565218,1,-0.0032557332266074015,0.024485065498081302,0.0018365111459811621,0.020797921567138205,-0.0029688954753114634,-0.04470509490078892
2015-08,123.07807692307694,0.9681884615384615,0.6419423076923076,0.8978346153846153,65.08281,1119.4271428571428,1,-0.0015731684575867237,0.014603927368202634,-0.0013870527357901382,-0.013031276352812938,0.02228934578679337,-0.010051750173945877
2015-09,120.08,0.9721269230769232,0.6522461538461539,0.8898807692307693,66.20356,1125.314090909091,1,-0.024660738397184433,0.0040596152343734876,0.015923591007125714,-0.00889839479516922,0.01707377888586169,0.005245113743904238
2015-10,120.17423076923077,0.9691346153846154,0.6523038461538462,0.8912576923076923,65.043555,1157.8231818181819,1,0.0007844255125991757,-0.003082851025399839,8.844782910568351e-05,0.0015461160161857142,-0.017677115514696057,0.028479486152904562
2015-11,122.57038461538461,1.0097961538461537,0.6582384615384616,0.9318576923076923,66.14388888888888,1085.0052380952382,1,0.019742820434670585,0.0411002373826724,0.009056794146289342,0.044546509758672206,0.016775381243950088,-0.0649568600433528
2015-12,121.55925925925925,0.9931222222222222,0.6673148148148148,0.9173666666666667,66.57540952380953,1068.449090909091,1,-0.008283558864865028,-0.016650021310356814,0.013694651567363648,-0.015672865435957112,0.006502779334916676,-0.015376665458554645
2016-01,118.40230769230769,1.0068307692307692,0.6942730769230768,0.92025,67.30156500000001,1098.2085000000002,1,-0.026313661503155464,0.013709083927463577,0.03960344491665494,0.0031381253248840956,0.01084820747021351,0.027472066511001196
2016-02,114.5916,0.9913679999999999,0.69912,0.9007200000000001,68.21193500000001,1201.1604761904762,1,-0.032713709739597106,-0.015477016729039464,0.00695703560836698,-0.021450928764255365,0.013436059072211355,0.08960793721060777
2016-03,112.97666666666666,0.9809555555555556,0.7013740740740741,0.8976888888888889,66.957065,1243.928260869565,1,-0.014193195449962606,-0.010558654183322996,0.0032189725928209274,-0.003370884118747443,-0.018567956456729404,0.03498617156146561
2016-04,109.6348,0.964112,0.699188,0.881948,66.46219375,1242.1833333333332,1,-0.03002646535105671,-0.01731968286048027,-0.0031217121894568513,-0.017690462023463614,-0.00741832212370888,-0.0014037405455415153
2016-05,108.90259259259258,0.979025925925926,0.6888074074074074,0.8852037037037037,66.93095909090908,1256.3663636363638,1,-0.0067010056137948235,0.015350653794333709,-0.014957954591161792,0.003684694845870216,0.007028355812696203,0.011353132308507
2016-06,105.37192307692308,0.9691807692307692,0.7049307692307691,0.889746153846154,67.29164545454546,1276.2204545454545,1,-0.03295762059884802,-0.010106977383046339,0.02313789118620603,0.005118409446997804,0.005374463311231781,0.015679223713724103
2016-07,103.96384615384615,0.9814153846153846,0.760576923076923,0.9036615384615385,67.186565,1339.8580952380953,1,-0.01345301058432456,0.012544652879724295,0.0759776562966753,0.015518684283128558,-0.0015627881361126713,0.04866076925954297
2016-08,101.33814814814815,0.9718777777777778,0.7636740740740741,0.8927,66.93183333333334,1338.48,1,-0.025580279337660706,-0.009765746198354734,0.004063838915425183,-0.012204307743344297,-0.003798613406296861,-0.0010290675117977529
2016-09,101.92999999999999,0.9741961538461539,0.7607653846153847,0.8920538461538462,66.74819,1326.5127272727273,1,0.00582337695111002,0.002382619824934082,-0.0038160819990851673,-0.0007240817839138358,-0.0027475077319412842,-0.0089811525906329
2016-10,103.77038461538463,0.9866615384615385,0.8104576923076923,0.9067653846153847,66.73715,1265.7838095238094,1,0.017894314851743295,0.012714387779213288,0.06327412878559038,0.0163572483840217,-0.00016541142308460578,-0.046861946605795214
2016-11,108.63846153846154,0.9968923076923077,0.8036,0.9276076923076922,67.63010952380952,1234.0863636363638,1,0.04584488458141671,0.010315686639597137,-0.008497507375523638,0.02272515326067567,0.013291521656783828,-0.02536063279724956
2016-12,116.10230769230769,1.0199639999999999,0.801056,0.9493269230769231,67.87578571428571,1151.002380952381,1,0.06644626265688684,0.02287986376692861,-0.0031707757069542306,0.023144333418022623,0.0036260630466371157,-0.06969771144139045
2017-01,114.94807692307693,1.007726923076923,0.8101538461538461,0.9406,68.10518571428572,1194.3742857142856,1,-0.009991243882921868,-0.012070109255060295,0.011293305920838102,-0.00923526195317512,0.003374004689219799,0.03698923963860422
2017-02,112.94958333333334,1.0016583333333333,0.801075,0.9397208333333333,67.04264444444443,1234.9645,1,-0.017538967428150417,-0.006040263483720029,-0.01126958751079445,-0.0009351241715215849,-0.015724457611181623,0.03341978675671846
2017-03,112.93703703703704,1.0021814814814816,0.8102222222222223,0.9354074074074075,65.8524380952381,1231.3865217391303,1,-0.00011108489992568377,0.0005221456886586437,0.011353982818465507,-0.00460068110592749,-0.017912448677700765,-0.002901436769854497
2017-04,110.1584,1.000716,0.79106,0.932844,64.4992388888889,1271.248,1,-0.024911139072699887,-0.0014633617112706013,-0.023934740221210705,-0.002744179938410414,-0.020763028928676364,0.03185830716705338
2017-05,112.22407407407408,0.9859814814814816,0.7739037037037036,0.9042703703703703,64.43922857142857,1245.7934782608695,1,0.01857820402642962,-0.014833449809107249,-0.02192636621094204,-0.031109586350988847,-0.0009308365916761169,-0.02022643628135896
2017-06,110.92461538461538,0.9679692307692308,0.7809346153846154,0.8901076923076924,64.44817619047619,1260.0622727272728,1,-0.011646704100404717,-0.018437272591361884,0.009043975207061437,-0.015785939945224297,0.0001388439635125484,0.01138848369817765
2017-07,112.32115384615385,0.9601307692307692,0.7690346153846155,0.8671730769230769,64.45630952380952,1237.5538095238096,1,0.012511383158851598,-0.008130807242178552,-0.015355445240625123,-0.026103873778966575,0.00012619162628914297,-0.018024445582686417
2017-08,109.80592592592592,0.9650962962962963,0.7718370370370371,0.8461037037037037,63.96,1284.3030434782609,1,-0.022647715270979862,0.005158392134705667,0.003637453824186454,-0.02459665091609616,-0.007729734592211052,0.03707949563169907
2017-09,110.7164,0.9620799999999999,0.7513160000000001,0.839612,64.4629619047619,1315.3933333333332,1,0.008257479089319005,-0.0031302779772246774,-0.026947100252915388,-0.007702052939223708,0.007832936865766697,0.02391954111487037
2017-10,112.93148148148148,0.9820037037037037,0.7573481481481481,0.8509333333333333,65.05565263157894,1280.9513636363636,1,0.019809299341788628,0.0204974726484613,0.007996717229049839,0.013393905931335352,0.00915227307081577,-0.026532679008596634
2017-11,112.81961538461539,0.9912923076923076,0.7561884615384616,0.8515615384615385,64.85477727272728,1281.9904545454547,1,-0.0009910570320606695,0.009414373250914494,-0.0015324199351459608,0.0007379818490187777,-0.0030925233500074976,0.0008108580215534435
2017-12,112.94333333333333,0.9871625,0.7462791666666666,0.8452416666666668,64.2406,1266.5735,1,0.0010959988058696758,-0.004174786984668644,-0.013190884608311748,-0.007449185621617976,-0.009515164982346053,-0.012098689990859167
2018-01,110.95555555555556,0.9603692307692308,0.7238384615384615,0.819436,63.65374545454545,1331.9422727272727,1,-0.01775649727519406,-0.02751684030500558,-0.03053150018462045,-0.0310062837893672,-0.009177241764524202,0.050323009658181886
2018-02,107.90916666666668,0.9346,0.7160875,0.8101541666666666,64.44770555555556,1331.7405,1,-0.02783989686925243,-0.027199195634634302,-0.010765881870935341,-0.011391739959674104,0.012395960566752007,-0.00015149906717447083
2018-03,106.03153846153847,0.9476086956521739,0.7158923076923076,0.8107923076923077,65.0417,1326.4563636363637,1,-0.017553241347009575,0.013823018477017552,-0.0002726188007020604,0.0007873684525720313,0.009174474287137179,-0.003975735127985337
2018-04,107.6568,0.9686571428571428,0.7111799999999999,0.815012,65.67229999999999,1335.075238095238,1,0.015211806974365447,0.021969074795503425,-0.00660418507775927,0.005190909831991519,0.009648620533084268,0.006476650197381179
2018-05,109.72222222222223,0.9972391304347825,0.7429518518518519,0.8463777777777778,67.55876363636364,1303.3978260869567,1,0.019003529950664667,0.029079867648319397,0.04370567794570821,0.03776296871207186,0.028320568348272145,-0.02401308135183364
2018-06,110.08840000000001,0.990204,0.752492,0.85676,67.79239047619048,1280.3333333333333,1,0.0033317599741929226,-0.007079608680040402,0.01275912507211088,0.01219202693202254,0.0034521622423950202,-0.017854106340435664
2018-07,111.41222222222223,0.9943851851851851,0.7590777777777779,0.855562962962963,68.73,1237.8036363636363,1,0.011953356803382761,0.004213659333409009,0.00871388082376111,-0.001398144226207999,0.013735831350414951,-0.03378191261336851
2018-08,111.01296296296296,0.9885851851851852,0.776937037037037,0.8666074074074074,69.58612500000001,1200.3634782608697,1,-0.003590058272838653,-0.005849826731200573,0.0232550675088518,0.012826368458604182,0.012379408885044463,-0.030714138602114853
2018-09,112.052,0.968608,0.766536,0.8581399999999999,72.25424444444444,1198.147,1,0.009316071318322482,-0.02041482583093126,-0.013477649729031524,-0.009818800595008555,0.03762587788437632,-0.0018482128069868906
2018-10,112.76814814814814,0.9941703703703704,0.768637037037037,0.870925925925926,73.63417142857143,1215.33,1,0.0063708753534801365,0.026048601454029575,0.0027372006909218696,0.014789672034490187,0.018918131798918554,0.014239448179651608
2018-11,113.33846153846154,1.000976923076923,0.7753769230769231,0.8800846153846155,71.76757777777777,1221.014090909091,1,0.005044652171579201,0.006823134447835997,0.008730398847906036,0.010461128321102004,-0.025676392616538153,0.004666090675223652
2018-12,112.1676923076923,0.9921,0.7895153846153846,0.879076,70.724745,1252.7109523809524,1,-0.010383572510148731,-0.008907816524411484,0.018070056556080533,-0.0011467008598483605,-0.014637299418500038,0.02562822932156525
2019-01,109.00666666666666,0.989362962962963,0.7752555555555555,0.8758518518518519,70.73717391304348,1292.7313043478262,1,-0.028585961838697233,-0.0027626443986074087,-0.01822659593377054,-0.003674398092473724,0.00017572097382763271,0.03144730541605045
2019-02,110.40208333333334,1.0015166666666666,0.7687666666666666,0.8813041666666667,71.20361052631579,1319.291,1,0.012719961999560367,0.012209532414262491,-0.008405224999485318,0.006205860214979352,0.006572294130863865,0.020337200819207354
2019-03,111.12076923076923,1.00015,0.7593500000000001,0.88515,69.46855263157894,1300.8038095238096,1,0.006488616507357966,-0.0013655289382497645,-0.012324694926238113,0.004354304212708901,-0.024669356721946756,-0.014112082677050773
2019-04,111.70230769230768,1.0086615384615385,0.7677423076923078,0.8903192307692307,69.39562777777778,1285.754090909091,1,0.005219744650674686,0.008474253791445962,0.010991335807331665,0.0058229624999231785,-0.00105030484160932,-0.011637001010207999
2019-05,109.97555555555556,1.0106074074074074,0.7783444444444444,0.8940888888888888,69.81295454545455,1284.0691304347827,1,-0.015579246720746223,0.0019273010186935063,0.013715016866870362,0.004225113846986591,0.005995722546801971,-0.001311343676694749
2019-06,108.086,0.988184,0.788876,0.885496,69.43731052631578,1361.798,1,-0.01733091233035038,-0.022437907317270776,0.013439990681070107,-0.009657258527420262,-0.005395249052548461,0.05877184170027707
2019-07,108.24296296296296,0.988037037037037,0.8021074074074074,0.8918851851851852,68.76716956521739,1415.6860869565216,1,0.001451150954157932,-0.00014873130128616302,0.016633375816023657,0.007189468144490315,-0.009697894204713965,0.038808395271001085
2019-08,106.16884615384615,0.9787115384615385,0.8228615384615385,0.898896153846154,71.154175,1503.4981818181818,1,-0.019347642443964332,-0.009483233982983575,0.02554542315312268,0.0078301067010956,0.03412255716434062,0.060180233453991615
2019-09,107.4546153846154,0.9905230769230768,0.8096961538461538,0.9084230769230769,71.3533,1507.9471428571428,1,0.012037860899893373,0.011996214181858216,-0.016128887917287966,0.010542698994732033,0.0027945920674399935,0.0029547036695151217
2019-10,108.14925925925927,0.9931814814814814,0.7901296296296296,0.9043407407407408,71.05104210526315,1494.96,1,0.006443727222910141,0.002680244029863122,-0.024462038444557084,-0.004503998859361738,-0.004245072083826535,-0.008649767183854651
2019-11,108.88600000000001,0.993196,0.776216,0.905004,71.479875,1470.2119047619049,1,0.006789160186386126,1.4618086092946492e-05,-0.017766188172487474,0.0007331486079282491,0.006017419903347987,-0.016692907330993635
2019-12,109.14185185185185,0.9830148148148148,0.7635444444444445,0.9000814814814815,71.17745238095237,1482.8304545454546,1,0.0023469659231151996,-0.010303835183883326,-0.01645949754879562,-0.005454069373970509,-0.004239853327378965,0.008546187321540232
2020-01,109.25592592592592,0.9696814814814815,0.7646000000000001,0.9006111111111111,71.28669565217392,1559.6421739130433,1,0.001044645102241493,-0.013656543090188005,0.0013814868447427522,0.0005882510397178898,0.0015336250437952901,0.0505036886316405
2020-02,110.00041666666668,0.9763541666666667,0.7714166666666666,0.916775,71.49173333333334,1595.626,1,0.006791079274463145,0.006857748307091395,0.00887583001689841,0.01778853158235974,0.0028721120348930425,0.022809716473034918
2020-03,107.64148148148149,0.958162962962963,0.8094777777777777,0.9043111111111111,74.42900499999999,1592.9181818181817,1,-0.021678064601250952,-0.018807525291474194,0.04816066967387388,-0.013688626182239778,0.04026389271687763,-0.001698467186508643
2020-04,107.82538461538462,0.9703807692307692,0.8056461538461538,0.92,76.23776470588234,1686.3231818181819,1,0.0017070204982423272,0.012670669089071732,-0.004744689921003794,0.017200219397557576,0.024011221721323747,0.05698285820842265
2020-05,107.20846153846153,0.9691384615384616,0.8134076923076924,0.9166615384615385,75.67806111111112,1718.6580952380953,1,-0.0057379317775390175,-0.0012810472229336032,0.009587819376523265,-0.003635362471821835,-0.007368634890637001,0.018993282392602638
2020-06,107.625,0.9520769230769232,0.7988961538461539,0.8885884615384616,75.74789090909091,1736.1504545454545,1,0.0038777849644123143,-0.01776165976887357,-0.018001483244183672,-0.031104102143114078,0.000922296369917229,0.010126470706050925
2020-07,106.74962962962962,0.9340518518518519,0.7891074074074075,0.8726148148148148,74.96673913043477,1846.3739130434783,1,-0.008166780156846009,-0.01911388048925334,-0.01232852452218561,-0.01813996709819299,-0.010366064307708872,0.06155338883320618
2020-08,106.01923076923077,0.9103115384615384,0.7613461538461538,0.8454884615384616,74.63064761904762,1969.7828571428572,1,-0.006865682582792607,-0.02574506170897745,-0.035814321123486204,-0.03157971699341725,-0.004493288073455565,0.06469964319325855
2020-09,105.60884615384614,0.9152269230769231,0.7722653846153846,0.8484730769230769,73.51085,1923.3522727272727,1,-0.0038783618483685467,0.005385147010273441,0.014240131888413606,0.003523832631707407,-0.015118234464627556,-0.02385367289880959
2020-10,105.22192307692308,0.912673076923077,0.7705192307692308,0.8498038461538461,73.46881499999999,1900.365,1,-0.0036704653000176166,-0.0027942970792373617,-0.0022636401405077165,0.0015671996540291124,-0.0005719839019370218,-0.01202366598960818
2020-11,104.355,0.9107076923076923,0.7570576923076923,0.8448038461538462,74.27144736842105,1866.35,1,-0.008273124816155603,-0.0021557596851896213,-0.017625150966078373,-0.005901087941715526,0.010865558949578469,-0.018061321160825566
2020-12,103.7662962962963,0.8884444444444445,0.7434740740740741,0.8215222222222223,73.62230454545455,1860.317272727273,1,-0.005657328532151145,-0.02474986284203009,-0.018105567117187558,-0.027945477781250113,-0.008778558705918893,-0.0032376019112281603
2021-01,103.75576923076923,0.8868192307692309,0.7329423076923077,0.8215076923076924,73.111815,1867.2838095238094,1,-0.00010145490321099671,-0.0018309552005542273,-0.014266903498931921,-1.7686731570416865e-05,-0.006958049111186456,0.0037378167640606326
2021-02,105.39958333333334,0.8979875,0.721025,0.8268875000000001,72.7974947368421,1808.8595,1,0.01571891829691505,0.012514985299974524,-0.016393180936838902,0.006527350745190805,-0.004308439947291545,-0.031788330500261204
2021-03,108.75814814814814,0.9300814814814815,0.7216370370370371,0.8405592592592592,72.80929047619048,1721.9239130434783,1,0.03136790975696385,0.0351160484221008,0.0008484829544864258,0.01639880322048255,0.0001620218365089189,-0.04925431637256286
2021-04,109.0723076923077,0.9223576923076924,0.7226884615384616,0.8358653846153847,74.50419411764706,1759.4727272727273,1,0.0028844429560136308,-0.008339095871775384,0.0014559386899863,-0.005599878201676618,0.023011857190528204,0.02157195758323527
2021-05,109.16038461538461,0.9026846153846153,0.7101807692307692,0.8232346153846154,73.2186105263158,1853.0090476190478,1,0.000807183625218819,-0.02155987166336834,-0.017458690212588567,-0.015226343509017335,-0.017405789866084213,0.05179665259020475
2021-06,110.13653846153846,0.9085,0.7134653846153847,0.8309,73.56499545454545,1832.2427272727275,1,0.008902635565465998,0.006421658565777152,0.004614378655646168,0.009268217248215515,0.004719676545643793,-0.01127007945001422
2021-07,110.26192307692307,0.9176115384615385,0.7239692307692308,0.8456499999999999,74.53510952380952,1806.0354545454545,1,0.0011377994931195336,0.009979252509224245,0.014614971709936144,0.01759611174911531,0.013100975787595283,-0.014406664194950902
2021-08,109.84555555555555,0.9142851851851852,0.7248148148148148,0.8495851851851852,74.13069,1786.479090909091,1,-0.003783315501982585,-0.003631598756871283,0.0011673018407085053,0.0046426505158553245,-0.005440666551437101,-0.010887391861696313
2021-09,110.15038461538461,0.9227346153846153,0.7280615384615385,0.8497538461538461,73.59470476190477,1777.6495454545454,1,0.0027712261842196793,0.009199127611004543,0.0044693810921235914,0.00019850184819412273,-0.007256539620981755,-0.0049546828514599375
2021-10,113.13423076923075,0.9229692307692308,0.7306153846153846,0.8622000000000001,74.94756842105262,1776.6042857142859,1,0.02672843166692256,0.0002542286362656864,0.0035015961696138317,0.014540547528933813,0.018215704364437302,-0.0005881739572041841
2021-11,114.00807692307693,0.9219615384615385,0.743696153846154,0.876796153846154,74.5076947368421,1818.7540909090908,1,0.007694299435958918,-0.001092390483920912,0.017745384401388717,0.01678726729052309,-0.005886376230983198,0.023447863569233757
2021-12,113.86999999999999,0.9202777777777778,0.7512703703703705,0.8845481481481481,75.3568,1793.0195652173911,1,-0.0012118492646541025,-0.0018279505140966373,0.010133044734543031,0.008802417956387455,0.011331761411262332,-0.014250594667994288
2022-01,114.84384615384616,0.9187576923076922,0.7377807692307693,0.8834307692307692,74.40781,1816.6233333333332,1,0.008515899282326683,-0.0016531337660338403,-0.018118880977162525,-0.0012640185413625678,-0.012673257073491496,0.013078359947305244
2022-02,115.22416666666668,0.9227416666666667,0.739,0.8820041666666666,75.00605263157895,1859.7044999999998,1,0.0033061602487765044,0.00432688782128234,0.0016512011419022457,-0.0016161489110827125,0.008007902586451541,0.02343813762449741
2022-03,118.65148148148148,0.9292370370370371,0.7596296296296297,0.9083370370370369,76.25815714285714,1952.0604347826086,1,0.02931096259838388,0.007014548267192554,0.02753306411389542,0.029418715785389543,0.016555576653915736,0.048467843817507524
2022-04,126.2564,0.94462,0.77268,0.924696,76.17332777777777,1937.5047619047618,1,0.06212429098792532,0.016418871060872992,0.01703400627599531,0.017849538954084934,-0.001113016433327985,-0.007484507953905108
2022-05,128.81407407407409,0.9790296296296297,0.8029925925925926,0.9454037037037037,77.32036500000001,1848.4763636363639,1,0.02005531852215732,0.035779177050187516,0.03848049789936282,0.022147001109421274,0.014946002715405193,-0.04703922746727931
2022-06,134.1030769230769,0.9699846153846153,0.8118807692307691,0.94665,78.08573636363636,1837.1963636363637,1,0.04023865655170515,-0.009281696327914112,0.011008004220075062,0.001317400741963025,0.009850032207716582,-0.0061210183613773506
2022-07,136.49846153846153,0.9688923076923076,0.8329500000000001,0.9814307692307692,79.60422857142856,1736.9719047619049,1,0.017704608767208554,-0.001126742801328309,0.025620122898195635,0.03608203885110179,0.019259807017819507,-0.05609738161858648
2022-08,135.42074074074074,0.9575925925925927,0.8355777777777779,0.988125925925926,79.56458947368421,1763.4721739130434,1,-0.007926813787632716,-0.011731049316097785,0.003149818642960485,0.006798669467272941,-0.0004980761816374596,0.015141379118894361
2022-09,143.06038461538463,0.9732884615384615,0.8835846153846153,1.00995,80.25045454545455,1681.466818181818,1,0.05488028117329599,0.016258085546418936,0.05586362510621721,0.021845958642666603,0.008583288097521331,-0.04761817313090012
2022-10,147.1732,0.9956846153846153,0.884368,1.016464,82.38338333333334,1666.4438095238095,1,0.028343313334840494,0.02275005184733732,0.000886205501027285,0.006429113139944816,0.0262313318916519,-0.008974618000667947
2022-11,141.96730769230768,0.9632884615384616,0.8510115384615384,0.97935,81.77625714285715,1729.5122727272726,1,-0.03601332092562391,-0.03307764458410944,-0.03844757841526435,-0.037196130498592,-0.007396811504273624,0.0371475449430917
2022-12,134.9053846153846,0.9324846153846155,0.8217115384615384,0.944623076923077,82.51715909090909,1797.6338095238093,1,-0.05102312555177127,-0.032500258500827606,-0.03503628016939806,-0.03610309877183655,0.009019314195366125,0.03863180437560683
2023-01,130.30444444444444,0.9242259259259259,0.8174,0.9278,81.8612,1902.1380952380953,1,-0.03470008515464421,-0.008896102802636434,-0.005260835891091539,-0.01796979521127244,-0.007981130563630071,0.056507316906792907
2023-02,133.20416666666668,0.9264166666666668,0.8285458333333334,0.9347958333333333,82.60806,1853.67,1,0.022009446028859538,0.002367547113439413,0.013543585067292233,0.007511953055711005,0.009082124327923281,-0.025811108991788113
2023-03,133.61444444444444,0.9255851851851852,0.8236740740740741,0.9338185185185185,82.335195,1915.335652173913,1,0.0030753334591270627,-0.000897927328222728,-0.00589724570728096,-0.0010460316789920807,-0.0033085954186679047,0.03272542478690219
2023-04,133.5756,0.898588,0.803412,0.9122480000000001,82.00375882352942,2001.311052631579,1,-0.0002907626651948939,-0.02960152767688708,-0.024907252156764027,-0.023370230761682636,-0.004033573515269059,0.04390960955188008
2023-05,137.24444444444444,0.8976074074074073,0.8014629629629629,0.9207814814814815,82.35631904761905,1991.18,1,0.027095992242039194,-0.0010918552468918096,-0.0024288970047118452,0.009310862936399782,0.004290102187763912,-0.005075064285863399
2023-06,141.39769230769232,0.9001115384615385,0.7914384615384615,0.9223423076923076,82.23202857142857,1941.1,1,0.02981283108165241,0.002785900075739768,-0.012586634192034865,0.0016936752627266275,-0.001510319553172511,-0.025472605131437842
2023-07,141.1373076923077,0.8739807692307693,0.7762961538461539,0.9045384615384615,82.15071428571429,1949.2014285714288,1,-0.0018432030658417373,-0.029460315024347046,-0.019318038205751037,-0.019491594769926773,-0.0009893288180170248,0.004164942193447202
2023-08,144.84296296296296,0.8785703703703703,0.7871814814814816,0.9168666666666667,82.78046666666667,1918.166956521739,1,0.02591691153845185,0.0052376350430298835,0.013924731989610147,0.013537233650618746,0.007636584395675627,-0.016049745019595052
2023-09,147.7952,0.89876,0.80706,0.936648,83.059005,1913.7580952380952,1,0.020177390178828983,0.022720028249994025,0.024939194028008677,0.021345484622979513,0.003359135101528839,-0.002301121848449635
2023-10,149.57925925925926,0.903637037037037,0.8215555555555555,0.9466666666666667,83.23432,1916.590909090909,1,0.01199888294628557,0.005411736525954541,0.01780154721181265,0.010639497851664603,0.0021085039336498543,0.0014791416479780668
2023-11,149.83961538461537,0.89105,0.8047230769230769,0.92455,83.30039000000001,1985.7104545454545,1,0.001739076678341832,-0.014027229444875987,-0.020701347746947155,-0.023639909834146863,0.0007934682621591048,0.035428722045584136
2023-12,143.90125,0.8654458333333334,0.78995,0.9167333333333333,83.270125,2034.8375,1,-0.04043819084850902,-0.029155754209346314,-0.018528562094552503,-0.008490506032260554,-0.00036338964711800874,0.024439201412445738
2024-01,146.1174074074074,0.8580111111111111,0.7870074074074075,0.9168,83.11726666666667,2032.1936363636364,1,0.015283158425867043,-0.008627738992700454,-0.0037319917381159542,7.27193397403829e-05,-0.0018373793207026481,-0.001300144464177642
2024-02,149.6308,0.87702,0.791752,0.926596,82.973135,2025.7919047619046,1,0.023760467833085563,0.021912747712194806,0.006010550884706091,0.01062831015542743,-0.0017355813629241752,-0.003155130469313716
2024-03,149.8096153846154,0.8885346153846154,0.7867846153846153,0.9201115384615384,83.01082777777778,2163.627,1,0.0011943304689934911,0.013043809058962805,-0.006293678542050847,-0.007022755963289295,0.0004541737381720982,0.065825291945774
2024-04,154.00576923076923,0.9097192307692308,0.7992346153846154,0.9327615384615384,83.39429999999999,2334.1627272727274,1,0.02762480707794,0.02356240809892358,0.015700006016297802,0.013654682240984779,0.0046089072632983594,0.07586727163505622
2024-05,155.7566666666667,0.9091111111111111,0.7913481481481481,0.9249925925925927,83.39686,2350.4565217391305,1,0.011304896140434036,-0.0006686931340183418,-0.009916531280474648,-0.008363852921244972,3.069707051872455e-05,0.006956322085334613
2024-06,158.0368,0.893908,0.786768,0.9293359999999999,83.47506842105263,2327.9425,1,0.014532956909901997,-0.016864459552435235,-0.005804593044106547,0.004684623176293973,0.0009373467127624797,-0.009624743607548641
2024-07,157.6162962962963,0.8918444444444444,0.7773111111111112,0.9219481481481482,83.60488636363637,2394.8739130434783,1,-0.002664342326375502,-0.002311133864593552,-0.01209274398591536,-0.00798136912452652,0.0015539622197614062,0.02834575331472525
2024-08,146.16346153846155,0.8575384615384615,0.7727115384615384,0.9072807692307693,83.90291904761905,2471.992272727273,1,-0.07543797997070208,-0.03922569659579367,-0.0059348631474198535,-0.016037023174655936,0.00355843714550322,0.031693830105001604
2024-09,143.15769230769232,0.8471961538461539,0.756573076923077,0.9005076923076923,83.82306,2571.4366666666665,1,-0.020778828907193344,-0.012133776705060667,-0.021106680210095156,-0.007493253507093261,-0.0009522562230030111,0.03944034331287335
2024-10,149.95592592592592,0.8614148148148147,0.7665222222222222,0.9178037037037037,84.03016363636364,2691.5639130434784,1,0.04639465766465064,0.016643916568121288,0.01306456242974443,0.019024830525019847,0.002467676663839744,0.04565764800720417
2024-11,153.5472,0.88078,0.784324,0.941,84.36958888888888,2649.609523809524,1,0.02366658785789335,0.0222317075169723,0.022958510584515278,0.024959602217988354,0.004031190154232048,-0.015710125355962338
2024-12,153.96074074074073,0.8919555555555555,0.7914296296296297,0.9552481481481481,84.98814285714286,2638.882380952381,1,0.002689628040460356,0.012608427207973946,0.009018767476328456,0.015028008135351833,0.007304735512626881,-0.0040567926593095
2025-01,156.54481481481483,0.9096666666666666,0.8094629629629629,0.9660259259259258,86.26103913043478,2711.2845454545454,1,0.0166446859736959,0.019661926311920135,0.022530051329055736,0.011219524564277751,0.01486628667798934,0.027067037624913134
2025-02,151.59625,0.9036416666666667,0.7977958333333334,0.9604666666666667,87.08278333333334,2896.1455,1,-0.03212158887758319,-0.006645336660598491,-0.01451830232940616,-0.005771394825746216,0.00948116116194985,0.0659581903732151
2025-03,149.14884615384614,0.8838961538461538,0.7748,0.9257538461538461,86.57236842105263,2987.1566666666668,1,-0.01627596196958929,-0.022093312667195848,-0.02924778522908046,-0.036810903038636704,-0.005878505497628637,0.030941272387844745
2025-04,144.20346153846154,0.8339153846153846,0.7607961538461538,0.8909384615384616,85.50659444444445,3223.24,1,-0.03371954510115824,-0.05820764279652905,-0.018239475721702602,-0.038333016070767015,-0.012387192330163109,0.0760650774833495
2025-05,144.7796153846154,0.8294538461538461,0.7486038461538461,0.8870653846153846,85.283875,3289.7518181818177,1,0.003987462627121656,-0.005364472395369354,-0.016155522558328035,-0.00435666442177759,-0.002608103033119488,0.02042506188350897
2025-06,144.5903846153846,0.81385,0.7376499999999999,0.8679230769230769,85.93583333333333,3352.6642857142856,1,-0.00130788123305727,-0.01899139368302872,-0.014740475889234455,-0.02181560425117219,0.007615495792850046,0.018943212185856453
2025-07,146.27133333333333,0.7958692307692308,0.7365999999999999,0.8537285714285714,85.72972307692308,3333.240769230769,1,0.011558533342107274,-0.022341184442274314,-0.0014244533526110248,-0.01648977845850362,-0.0024013012250156656,-0.00581030420506952
